"","Rank","Rank_Pct","class_prob","conservation_upstream","conservation_intron","species1_upstream","species1_max_PSSM_score_upstream","species1_avg_PSSM_score_upstream","species1_min_dist_upstream","species1_avg_dist_upstream","species1_site_count_upstream","species2_upstream","species2_max_PSSM_score_upstream","species2_avg_PSSM_score_upstream","species2_min_dist_upstream","species2_avg_dist_upstream","species2_site_count_upstream","species3_upstream","species3_max_PSSM_score_upstream","species3_avg_PSSM_score_upstream","species3_min_dist_upstream","species3_avg_dist_upstream","species3_site_count_upstream","species4_upstream","species4_max_PSSM_score_upstream","species4_avg_PSSM_score_upstream","species4_min_dist_upstream","species4_avg_dist_upstream","species4_site_count_upstream","species5_upstream","species5_max_PSSM_score_upstream","species5_avg_PSSM_score_upstream","species5_min_dist_upstream","species5_avg_dist_upstream","species5_site_count_upstream","species6_upstream","species6_max_PSSM_score_upstream","species6_avg_PSSM_score_upstream","species6_min_dist_upstream","species6_avg_dist_upstream","species6_site_count_upstream","species7_upstream","species7_max_PSSM_score_upstream","species7_avg_PSSM_score_upstream","species7_min_dist_upstream","species7_avg_dist_upstream","species7_site_count_upstream","species8_upstream","species8_max_PSSM_score_upstream","species8_avg_PSSM_score_upstream","species8_min_dist_upstream","species8_avg_dist_upstream","species8_site_count_upstream","species1_intron","species1_max_PSSM_score_intron","species1_avg_PSSM_score_intron","species1_min_dist_intron","species1_avg_dist_intron","species1_site_count_intron","species2_intron","species2_max_PSSM_score_intron","species2_avg_PSSM_score_intron","species2_min_dist_intron","species2_avg_dist_intron","species2_site_count_intron","species3_intron","species3_max_PSSM_score_intron","species3_avg_PSSM_score_intron","species3_min_dist_intron","species3_avg_dist_intron","species3_site_count_intron","species4_intron","species4_max_PSSM_score_intron","species4_avg_PSSM_score_intron","species4_min_dist_intron","species4_avg_dist_intron","species4_site_count_intron","species5_intron","species5_max_PSSM_score_intron","species5_avg_PSSM_score_intron","species5_min_dist_intron","species5_avg_dist_intron","species5_site_count_intron","species6_intron","species6_max_PSSM_score_intron","species6_avg_PSSM_score_intron","species6_min_dist_intron","species6_avg_dist_intron","species6_site_count_intron","species7_intron","species7_max_PSSM_score_intron","species7_avg_PSSM_score_intron","species7_min_dist_intron","species7_avg_dist_intron","species7_site_count_intron","species8_intron","species8_max_PSSM_score_intron","species8_avg_PSSM_score_intron","species8_min_dist_intron","species8_avg_dist_intron","species8_site_count_intron","avg_species_max_PSSM_score_upstream","avg_species_avg_PSSM_score_upstream","avg_species_min_dist_upstream","avg_species_avg_dist_upstream","avg_species_site_count_upstream","avg_species_max_PSSM_score_intron","avg_species_avg_PSSM_score_intron","avg_species_min_dist_intron","avg_species_avg_dist_intron","avg_species_site_count_intron"
"sprr-3",45,0.496908127,0.701416883,5,NA,"c_eleg",11.7347,11.63946667,2855,6201.666667,3,"c_brig",12.0918,11.5068,1328,3644.333333,3,"c_bren",12.2959,11.821425,10065,14100.25,4,"c_rema",12.0918,11.8418,12116,14013,2,"a_lumb",11.6939,11.33673333,3473,3675.666667,3,NA,NA,NA,NA,NA,NA,NA,NA,NA,NA,NA,NA,NA,NA,NA,NA,NA,NA,"",NA,NA,NA,NA,NA,"",NA,NA,NA,NA,NA,"",NA,NA,NA,NA,NA,"",NA,NA,NA,NA,NA,"",NA,NA,NA,NA,NA,"",NA,NA,NA,NA,NA,"",NA,NA,NA,NA,NA,"",NA,NA,NA,NA,NA,11.98162,11.629245,5967.4,8326.983333,3,NA,NA,NA,NA,NA
"F57C9.6",52,0.574204947,0.696863442,6,NA,"c_eleg",12.3367,11.62583333,905,7380.333333,3,"c_brig",11.5204,11.09185,1013,2251,2,"c_bren",12.3367,11.94895,6116,6284.5,2,"c_rema",12.3367,11.48468333,3120,10826.83333,6,"c_japo",12.0918,11.85373333,2754,3653.333333,3,"a_lumb",12.0102,11.57655,11312,11366,2,NA,NA,NA,NA,NA,NA,NA,NA,NA,NA,NA,NA,"",NA,NA,NA,NA,NA,"",NA,NA,NA,NA,NA,"",NA,NA,NA,NA,NA,"",NA,NA,NA,NA,NA,"",NA,NA,NA,NA,NA,"",NA,NA,NA,NA,NA,"",NA,NA,NA,NA,NA,"",NA,NA,NA,NA,NA,12.10541667,11.59693333,4203.333333,6960.333333,3,NA,NA,NA,NA,NA
"C09F12.3",80,0.883392226,0.686482744,5,NA,"c_eleg",12.3367,11.43536667,1380,2366,3,"c_brig",12.2959,12.2959,1699,1699,1,"c_bren",12.3367,11.7211,1656,2468.333333,3,"c_rema",12.3367,12.3367,1408,1408,1,"c_japo",12.0918,12.0918,464,464,1,NA,NA,NA,NA,NA,NA,NA,NA,NA,NA,NA,NA,NA,NA,NA,NA,NA,NA,"",NA,NA,NA,NA,NA,"",NA,NA,NA,NA,NA,"",NA,NA,NA,NA,NA,"",NA,NA,NA,NA,NA,"",NA,NA,NA,NA,NA,"",NA,NA,NA,NA,NA,"",NA,NA,NA,NA,NA,"",NA,NA,NA,NA,NA,12.27956,11.97617333,1321.4,1681.066667,1.8,NA,NA,NA,NA,NA
"srx-41",87,0.960689046,0.684314977,7,NA,"c_eleg",12.0918,11.86225,1464,1756.5,2,"c_brig",12.0612,11.41835,1665,1728.5,2,"c_bren",12.0918,11.3418,303,5674,2,"c_rema",12.0918,11.89793333,52,2701.666667,3,"c_japo",11.602,11.2602,2114,2292.5,2,"p_exsp",12.051,11.09897,229,4084.2,50,"p_paci",11.2755,11.0561,660,739.5,2,NA,NA,NA,NA,NA,NA,"",NA,NA,NA,NA,NA,"",NA,NA,NA,NA,NA,"",NA,NA,NA,NA,NA,"",NA,NA,NA,NA,NA,"",NA,NA,NA,NA,NA,"",NA,NA,NA,NA,NA,"",NA,NA,NA,NA,NA,"",NA,NA,NA,NA,NA,11.89501429,11.4193719,926.7142857,2710.980952,9,NA,NA,NA,NA,NA
"gtr-1",95,1.049028269,0.680648755,5,NA,"c_eleg",12.0612,11.3653,1108,3362,5,"c_brig",11.3367,11.3367,544,544,1,"c_rema",12.0612,11.63603333,1039,1463.666667,3,"c_japo",12.2959,11.681125,1885,4190.5,4,"a_lumb",12.0918,11.234675,9562,12905.75,4,NA,NA,NA,NA,NA,NA,NA,NA,NA,NA,NA,NA,NA,NA,NA,NA,NA,NA,"",NA,NA,NA,NA,NA,"",NA,NA,NA,NA,NA,"",NA,NA,NA,NA,NA,"",NA,NA,NA,NA,NA,"",NA,NA,NA,NA,NA,"",NA,NA,NA,NA,NA,"",NA,NA,NA,NA,NA,"",NA,NA,NA,NA,NA,11.96936,11.45076667,2827.6,4493.183333,3.4,NA,NA,NA,NA,NA
"npr-12",111,1.225706714,0.674472816,5,3,"c_eleg",12.2959,11.5017,4093,12920,6,"c_brig",12.051,11.19794,2860,4770.2,5,"c_rema",12.051,11.4209,8791,11325.25,4,"c_japo",12.0204,11.38773333,12150,14198,3,"p_exsp",12.3367,11.55103333,913,2555,3,NA,NA,NA,NA,NA,NA,NA,NA,NA,NA,NA,NA,NA,NA,NA,NA,NA,NA,"c_eleg",11.5918,11.41835,4834,5490,2,"c_japo",11.2347,11.2347,6263,6263,1,"p_paci",10.9184,10.9184,1203,1203,1,NA,NA,NA,NA,NA,NA,NA,NA,NA,NA,NA,NA,NA,NA,NA,NA,NA,NA,NA,NA,NA,NA,NA,NA,NA,NA,NA,NA,NA,NA,12.151,11.41186133,5761.4,9153.69,4.2,11.2483,11.19048333,4100,4318.666667,1.333333333
"npr-28",117,1.291961131,0.672447451,7,NA,"c_eleg",12.3367,11.07434286,5931,12098.28571,7,"c_brig",12.0918,11.3813625,376,8840.875,8,"c_bren",12.0918,11.20223636,1090,9584.818182,11,"c_rema",12.0918,11.40816,1528,6287.6,5,"c_japo",12.051,11.2483,665,5625.666667,3,"p_exsp",11.7347,11,44,516.3333333,3,"a_lumb",11.8776,11.8776,6550,6550,1,NA,NA,NA,NA,NA,NA,"",NA,NA,NA,NA,NA,"",NA,NA,NA,NA,NA,"",NA,NA,NA,NA,NA,"",NA,NA,NA,NA,NA,"",NA,NA,NA,NA,NA,"",NA,NA,NA,NA,NA,"",NA,NA,NA,NA,NA,"",NA,NA,NA,NA,NA,12.03934286,11.3131431,2312,7071.939842,5.428571429,NA,NA,NA,NA,NA
"aexr-3",148,1.634275618,0.659633672,5,3,"c_eleg",12.0612,11.32766667,4057,11979,9,"c_brig",12.2959,11.811225,2808,7628,4,"c_bren",12.051,11.42175,200,8433.333333,6,"c_rema",12.0612,11.53062857,2598,9324.428571,7,"a_lumb",12.0918,11.27481333,1567,24255.66667,15,NA,NA,NA,NA,NA,NA,NA,NA,NA,NA,NA,NA,NA,NA,NA,NA,NA,NA,"c_eleg",11.6327,11.449,1995,2362.666667,3,"c_bren",10.8163,10.8163,1549,1549,1,"a_lumb",12.0102,11.58503333,1090,2095.666667,3,NA,NA,NA,NA,NA,NA,NA,NA,NA,NA,NA,NA,NA,NA,NA,NA,NA,NA,NA,NA,NA,NA,NA,NA,NA,NA,NA,NA,NA,NA,12.11222,11.47321671,2246,12324.08571,8.2,11.4864,11.28344444,1544.666667,2002.444444,2.333333333
"T10E10.3",150,1.656360424,0.659122259,6,NA,"c_eleg",12.0918,11.91153333,334,2540.666667,3,"c_brig",12.0612,12.0561,1351,3185.5,2,"c_bren",12.0918,11.68875,352,2598.25,4,"c_rema",12.3367,11.760175,389,2566.5,4,"c_japo",11.551,11.0714,3064,4346.5,2,"a_lumb",12.051,10.989775,1039,10355,4,NA,NA,NA,NA,NA,NA,NA,NA,NA,NA,NA,NA,"",NA,NA,NA,NA,NA,"",NA,NA,NA,NA,NA,"",NA,NA,NA,NA,NA,"",NA,NA,NA,NA,NA,"",NA,NA,NA,NA,NA,"",NA,NA,NA,NA,NA,"",NA,NA,NA,NA,NA,"",NA,NA,NA,NA,NA,12.03058333,11.57962222,1088.166667,4265.402778,3.166666667,NA,NA,NA,NA,NA
"frpr-5",185,2.053886926,0.648454926,5,NA,"c_eleg",11.8776,11.20412,384,6101,5,"c_brig",11.3776,11.3776,2142,2142,1,"c_bren",12.0102,11.6964,976,9558.5,4,"c_japo",12.3367,11.517875,327,5204.25,4,"a_lumb",12.2959,11.01466875,1453,15894.3125,16,NA,NA,NA,NA,NA,NA,NA,NA,NA,NA,NA,NA,NA,NA,NA,NA,NA,NA,"",NA,NA,NA,NA,NA,"",NA,NA,NA,NA,NA,"",NA,NA,NA,NA,NA,"",NA,NA,NA,NA,NA,"",NA,NA,NA,NA,NA,"",NA,NA,NA,NA,NA,"",NA,NA,NA,NA,NA,"",NA,NA,NA,NA,NA,11.9796,11.36213275,1056.4,7780.0125,6,NA,NA,NA,NA,NA
"F10D7.1",200,2.219522968,0.643266836,7,NA,"c_eleg",12.0918,11.24745,2993,9397.25,8,"c_brig",12.0102,11.73126667,4303,6721,3,"c_bren",11.6327,11.11428,2417,4694.2,5,"c_rema",12.051,11.56803333,570,4107.333333,3,"c_japo",12.0612,11.62755,818,2753.5,2,"p_exsp",10.8571,10.8571,4661,4661,1,"a_lumb",12.3367,11.11514286,500,4787.571429,7,NA,NA,NA,NA,NA,NA,"",NA,NA,NA,NA,NA,"",NA,NA,NA,NA,NA,"",NA,NA,NA,NA,NA,"",NA,NA,NA,NA,NA,"",NA,NA,NA,NA,NA,"",NA,NA,NA,NA,NA,"",NA,NA,NA,NA,NA,"",NA,NA,NA,NA,NA,11.86295714,11.32297469,2323.142857,5303.122109,4.142857143,NA,NA,NA,NA,NA
"aex-2",207,2.296819788,0.640462602,6,NA,"c_eleg",11.7041,11.34353333,2864,6297.333333,3,"c_brig",12.3367,11.483,21,4181.666667,3,"c_bren",12.0918,11.89793333,69,2606,3,"c_rema",12.0102,11.6148,53,3881.5,4,"c_japo",12.2959,11.33165,2567,10094.33333,6,"a_lumb",12.2959,11.2143,1850,4534.25,4,NA,NA,NA,NA,NA,NA,NA,NA,NA,NA,NA,NA,"",NA,NA,NA,NA,NA,"",NA,NA,NA,NA,NA,"",NA,NA,NA,NA,NA,"",NA,NA,NA,NA,NA,"",NA,NA,NA,NA,NA,"",NA,NA,NA,NA,NA,"",NA,NA,NA,NA,NA,"",NA,NA,NA,NA,NA,12.12243333,11.48086944,1237.333333,5265.847222,3.833333333,NA,NA,NA,NA,NA
"sra-14",214,2.374116608,0.63973126,4,NA,"c_eleg",12.0918,11.71935,2635,2659,2,"c_brig",11.7347,11.5408,2435,2486.5,2,"c_bren",12.2959,11.63775,3261,4633,10,"c_rema",12.2959,12.14963333,3973,4718.333333,3,NA,NA,NA,NA,NA,NA,NA,NA,NA,NA,NA,NA,NA,NA,NA,NA,NA,NA,NA,NA,NA,NA,NA,NA,"",NA,NA,NA,NA,NA,"",NA,NA,NA,NA,NA,"",NA,NA,NA,NA,NA,"",NA,NA,NA,NA,NA,"",NA,NA,NA,NA,NA,"",NA,NA,NA,NA,NA,"",NA,NA,NA,NA,NA,"",NA,NA,NA,NA,NA,12.104575,11.76188333,3076,3624.208333,4.25,NA,NA,NA,NA,NA
"seb-3",218,2.418286219,0.638810433,5,4,"c_eleg",12.0918,11.4927,1348,5073.142857,7,"c_brig",12.0102,11.58503333,698,3158.666667,3,"c_bren",11.8776,11.53575,5612,6607.5,2,"c_rema",11.5918,11.45916667,2721,5324.333333,3,"a_lumb",12.2959,11.30611818,5292,16932.54545,11,NA,NA,NA,NA,NA,NA,NA,NA,NA,NA,NA,NA,NA,NA,NA,NA,NA,NA,"c_eleg",10.898,10.898,1864,1864,1,"c_bren",10.7041,10.7041,2657,2657,1,"p_exsp",10.8469,10.8469,207,207,1,"a_lumb",11.1939,10.85715,5606,9119,2,NA,NA,NA,NA,NA,NA,NA,NA,NA,NA,NA,NA,NA,NA,NA,NA,NA,NA,NA,NA,NA,NA,NA,NA,11.97346,11.47575364,3134.2,7419.237662,5.2,10.910725,10.8265375,2583.5,3461.75,1.25
"octr-1",226,2.506625442,0.636249805,6,NA,"c_eleg",12.0918,11.17717273,1186,8940.363636,11,"c_bren",11.7347,11.362275,1333,9649,4,"c_rema",12.051,11.60205,937,6820,6,"c_japo",12.0612,11.6811,1271,4673,4,"p_exsp",11.1531,11.1531,5753,5753,1,"p_paci",11.1939,11.1939,5698,5698,1,NA,NA,NA,NA,NA,NA,NA,NA,NA,NA,NA,NA,"",NA,NA,NA,NA,NA,"",NA,NA,NA,NA,NA,"",NA,NA,NA,NA,NA,"",NA,NA,NA,NA,NA,"",NA,NA,NA,NA,NA,"",NA,NA,NA,NA,NA,"",NA,NA,NA,NA,NA,"",NA,NA,NA,NA,NA,11.71428333,11.36159962,2696.333333,6922.227273,4.5,NA,NA,NA,NA,NA
"sra-11",232,2.572879859,0.634821633,5,NA,"c_eleg",11.5612,11.5612,221,221,1,"c_brig",11.2347,11.2347,442,442,1,"c_bren",12.3367,11.6352,163,1855,4,"c_rema",12.0918,12.0918,139,139,1,"c_japo",11.7347,11.5653,2053,3605.8,5,NA,NA,NA,NA,NA,NA,NA,NA,NA,NA,NA,NA,NA,NA,NA,NA,NA,NA,"",NA,NA,NA,NA,NA,"",NA,NA,NA,NA,NA,"",NA,NA,NA,NA,NA,"",NA,NA,NA,NA,NA,"",NA,NA,NA,NA,NA,"",NA,NA,NA,NA,NA,"",NA,NA,NA,NA,NA,"",NA,NA,NA,NA,NA,11.79182,11.61764,603.6,1252.56,2.4,NA,NA,NA,NA,NA
"H09F14.1",234,2.594964664,0.633082096,6,NA,"c_eleg",12.3367,11.33333333,685,6899.666667,3,"c_brig",11.6327,11.0245,372,8888.2,5,"c_bren",12.0918,11.87245,12582,13157.5,4,"c_rema",11.6939,11.40136667,5983,11161,3,"c_japo",11.5918,11.2755,1643,2247.666667,3,"a_lumb",12.0918,11.31910909,16614,27866,11,NA,NA,NA,NA,NA,NA,NA,NA,NA,NA,NA,NA,"",NA,NA,NA,NA,NA,"",NA,NA,NA,NA,NA,"",NA,NA,NA,NA,NA,"",NA,NA,NA,NA,NA,"",NA,NA,NA,NA,NA,"",NA,NA,NA,NA,NA,"",NA,NA,NA,NA,NA,"",NA,NA,NA,NA,NA,11.90645,11.37104318,6313.166667,11703.33889,4.833333333,NA,NA,NA,NA,NA
"C01F1.4",250,2.77164311,0.628678803,6,NA,"c_eleg",11.551,11.551,8247,8247,1,"c_brig",11.8776,11.4184,610,5169.666667,3,"c_bren",12.0102,11.1796,6170,12388.4,5,"c_rema",12.051,11.2687,3296,7841,3,"c_japo",12.0918,11.762725,2609,4095.75,4,"a_lumb",10.5102,10.5102,73,73,1,NA,NA,NA,NA,NA,NA,NA,NA,NA,NA,NA,NA,"",NA,NA,NA,NA,NA,"",NA,NA,NA,NA,NA,"",NA,NA,NA,NA,NA,"",NA,NA,NA,NA,NA,"",NA,NA,NA,NA,NA,"",NA,NA,NA,NA,NA,"",NA,NA,NA,NA,NA,"",NA,NA,NA,NA,NA,11.68196667,11.28177083,3500.833333,6302.469444,2.833333333,NA,NA,NA,NA,NA
"B0034.5",268,2.97040636,0.626244265,6,NA,"c_eleg",12.0918,11.29152857,2057,8764,7,"c_brig",12.0612,11.23806667,6594,7916,3,"c_bren",11.6327,11.306125,5192,6787.75,4,"c_rema",12.051,11.62585,3344,6036.5,6,"c_japo",12.3367,11.68707778,4105,16005.77778,9,"a_lumb",12.3367,11.20814,433,11283.4,5,NA,NA,NA,NA,NA,NA,NA,NA,NA,NA,NA,NA,"",NA,NA,NA,NA,NA,"",NA,NA,NA,NA,NA,"",NA,NA,NA,NA,NA,"",NA,NA,NA,NA,NA,"",NA,NA,NA,NA,NA,"",NA,NA,NA,NA,NA,"",NA,NA,NA,NA,NA,"",NA,NA,NA,NA,NA,12.08501667,11.392798,3620.833333,9465.571296,5.666666667,NA,NA,NA,NA,NA
"npr-33",270,2.992491166,0.62575674,7,NA,"c_eleg",12.0918,11.87583333,15097,17851.83333,6,"c_brig",12.0918,11.65918,6920,9984.6,5,"c_rema",11.6327,11.10614,4055,7007.8,5,"c_japo",12.3367,11.48395714,1978,7024.857143,7,"p_exsp",12.0102,11.502575,1074,7261.75,4,"p_paci",11.9796,11.2296,945,4956.75,4,"a_lumb",12.051,12.0306,291,441,2,NA,NA,NA,NA,NA,NA,"",NA,NA,NA,NA,NA,"",NA,NA,NA,NA,NA,"",NA,NA,NA,NA,NA,"",NA,NA,NA,NA,NA,"",NA,NA,NA,NA,NA,"",NA,NA,NA,NA,NA,"",NA,NA,NA,NA,NA,"",NA,NA,NA,NA,NA,12.02768571,11.55541221,4337.142857,7789.798639,4.714285714,NA,NA,NA,NA,NA
"tag-89",276,3.058745583,0.62320248,6,NA,"c_eleg",12.0918,11.534,9458,10852.33333,3,"c_brig",11.9796,11.2296,8049,8271.5,2,"c_bren",11.6327,11.41226,105,11621.8,5,"c_rema",12.0102,11.75853333,2848,4907.333333,3,"c_japo",12.0102,11.62923333,2256,6810,3,"a_lumb",12.3367,11.39555294,2112,22645.29412,17,NA,NA,NA,NA,NA,NA,NA,NA,NA,NA,NA,NA,"",NA,NA,NA,NA,NA,"",NA,NA,NA,NA,NA,"",NA,NA,NA,NA,NA,"",NA,NA,NA,NA,NA,"",NA,NA,NA,NA,NA,"",NA,NA,NA,NA,NA,"",NA,NA,NA,NA,NA,"",NA,NA,NA,NA,NA,12.0102,11.4931966,4138,10851.3768,5.5,NA,NA,NA,NA,NA
"F35H10.10",282,3.125,0.620937538,6,NA,"c_eleg",11.3776,11.1837,98,5660.5,4,"c_brig",11.7347,11.12755,82,569,2,"c_bren",12.2959,11.776775,109,3262.5,8,"c_rema",12.2959,12.2959,101,105,2,"c_japo",12.0918,11.2308875,783,3078.75,8,"a_lumb",12.051,11.00955625,3494,24264.4375,16,NA,NA,NA,NA,NA,NA,NA,NA,NA,NA,NA,NA,"",NA,NA,NA,NA,NA,"",NA,NA,NA,NA,NA,"",NA,NA,NA,NA,NA,"",NA,NA,NA,NA,NA,"",NA,NA,NA,NA,NA,"",NA,NA,NA,NA,NA,"",NA,NA,NA,NA,NA,"",NA,NA,NA,NA,NA,11.97448333,11.43739479,777.8333333,6156.697917,6.666666667,NA,NA,NA,NA,NA
"npr-8",291,3.224381625,0.619380786,7,3,"c_eleg",12.0918,11.93876667,142,2914,3,"c_brig",12.0612,11.19726667,920,2128.666667,3,"c_bren",12.0918,11.40815,3809,5307.25,4,"c_rema",12.0918,11.29251667,3213,6908.166667,6,"c_japo",12.051,11.56326,387,6083,5,"p_exsp",11.3367,11.3367,2243,2243,1,"a_lumb",12.2959,11.15918,6110,14870.4,5,NA,NA,NA,NA,NA,NA,"c_eleg",11.6327,11.16532,461,3407.6,5,"c_brig",11.6224,10.91835,1677,4571,4,"a_lumb",12.051,11.27039,1188,13836.1,10,NA,NA,NA,NA,NA,NA,NA,NA,NA,NA,NA,NA,NA,NA,NA,NA,NA,NA,NA,NA,NA,NA,NA,NA,NA,NA,NA,NA,NA,NA,12.00288571,11.41369143,2403.428571,5779.211905,3.857142857,11.7687,11.11802,1108.666667,7271.566667,6.333333333
"tyra-2",304,3.367932862,0.616793685,6,2,"c_eleg",12.0918,11.14966667,7319,10465.66667,3,"c_brig",11.6327,11.6327,7074,7074,1,"c_bren",12.0918,12.0918,8772,8772,1,"c_rema",12.051,11.2687,6763,8457.666667,3,"c_japo",12.0612,11.7449,4126,5149,4,"a_lumb",12.0918,11.20748333,1282,15671.83333,6,NA,NA,NA,NA,NA,NA,NA,NA,NA,NA,NA,NA,"c_eleg",11.5918,11.5918,903,903,1,"c_brig",11.2755,11.2755,2495,2495,1,NA,NA,NA,NA,NA,NA,NA,NA,NA,NA,NA,NA,NA,NA,NA,NA,NA,NA,NA,NA,NA,NA,NA,NA,NA,NA,NA,NA,NA,NA,NA,NA,NA,NA,NA,NA,12.00338333,11.515875,5889.333333,9265.027778,3,11.43365,11.43365,1699,1699,1
"srsx-30",313,3.47835689,0.614913305,4,NA,"c_eleg",12.0918,11.7347,288,960.5,2,"c_brig",11.6327,11.6327,393,393,1,"c_bren",12.0918,11.9932,181,396.3333333,3,"c_rema",12.3367,11.62446,43,768.6,5,NA,NA,NA,NA,NA,NA,NA,NA,NA,NA,NA,NA,NA,NA,NA,NA,NA,NA,NA,NA,NA,NA,NA,NA,"",NA,NA,NA,NA,NA,"",NA,NA,NA,NA,NA,"",NA,NA,NA,NA,NA,"",NA,NA,NA,NA,NA,"",NA,NA,NA,NA,NA,"",NA,NA,NA,NA,NA,"",NA,NA,NA,NA,NA,"",NA,NA,NA,NA,NA,12.03825,11.746265,226.25,629.6083333,2.75,NA,NA,NA,NA,NA
"frpr-3",319,3.544611307,0.61408713,7,NA,"c_eleg",11.8367,11.18365,604,2261.25,4,"c_bren",11.6327,10.959175,2027,3833.75,4,"c_rema",12.0918,11.45306,137,3997.2,5,"c_japo",12.051,11.93365,8667,11866,4,"p_exsp",11.5612,11.0459,622,3950.75,4,"p_paci",11.7347,10.9005,359,5857.25,4,"a_lumb",12.3367,11.39454167,1725,25227.75,12,NA,NA,NA,NA,NA,NA,"",NA,NA,NA,NA,NA,"",NA,NA,NA,NA,NA,"",NA,NA,NA,NA,NA,"",NA,NA,NA,NA,NA,"",NA,NA,NA,NA,NA,"",NA,NA,NA,NA,NA,"",NA,NA,NA,NA,NA,"",NA,NA,NA,NA,NA,11.89211429,11.26721095,2020.142857,8141.992857,5.285714286,NA,NA,NA,NA,NA
"npr-32",320,3.55565371,0.613974082,6,NA,"c_eleg",11.551,11.4643,5655,7053,2,"c_brig",12.0918,11.51016667,2373,7146.666667,3,"c_bren",11.6939,11.62755,5690,6836.5,2,"c_rema",12.051,11.62586667,3686,13215.66667,3,"c_japo",12.0918,11.68365,4215,5277.5,2,"a_lumb",11.9796,11.04761667,1455,8103,6,NA,NA,NA,NA,NA,NA,NA,NA,NA,NA,NA,NA,"",NA,NA,NA,NA,NA,"",NA,NA,NA,NA,NA,"",NA,NA,NA,NA,NA,"",NA,NA,NA,NA,NA,"",NA,NA,NA,NA,NA,"",NA,NA,NA,NA,NA,"",NA,NA,NA,NA,NA,"",NA,NA,NA,NA,NA,11.90985,11.49319167,3845.666667,7938.722222,3,NA,NA,NA,NA,NA
"tyra-3",362,4.019434629,0.605749572,6,4,"c_eleg",12.0918,11.151,5527,9134,5,"c_brig",12.3367,11.07821667,4196,6349.666667,6,"c_bren",12.2959,11.31292222,586,7866.555556,9,"c_rema",12.3367,11.42686667,591,3332.666667,6,"c_japo",11.8367,11.09011667,421,8723.333333,6,"a_lumb",11.3776,10.9643,53,397,2,NA,NA,NA,NA,NA,NA,NA,NA,NA,NA,NA,NA,"c_eleg",12.0204,11.2857,1644,2987.5,2,"c_brig",12.0918,11.92513333,961,2473.333333,3,"p_exsp",11.2755,11.2755,957,1014,2,"a_lumb",10.5204,10.5204,5717,5717,1,NA,NA,NA,NA,NA,NA,NA,NA,NA,NA,NA,NA,NA,NA,NA,NA,NA,NA,NA,NA,NA,NA,NA,NA,12.0459,11.17057037,1895.666667,5967.203704,5.666666667,11.477025,11.25168333,2319.75,3047.958333,2
"npr-21",370,4.107773852,0.603150177,5,3,"c_eleg",11.7041,11.32071429,5245,11870,7,"c_brig",11.2449,10.9439,897,4696.5,2,"c_rema",12.0612,11.88265,3291,4783,2,"c_japo",11.7347,11.55443333,1535,7908,3,"a_lumb",12.051,11.36734286,1553,6976.857143,7,NA,NA,NA,NA,NA,NA,NA,NA,NA,NA,NA,NA,NA,NA,NA,NA,NA,NA,"c_eleg",11.5612,11.5612,1974,1974,1,"c_brig",10.5918,10.5918,487,487,1,"a_lumb",12.0204,11.21137143,1029,6084.857143,7,NA,NA,NA,NA,NA,NA,NA,NA,NA,NA,NA,NA,NA,NA,NA,NA,NA,NA,NA,NA,NA,NA,NA,NA,NA,NA,NA,NA,NA,NA,11.75918,11.4138081,2504.2,7246.871429,4.2,11.39113333,11.12145714,1163.333333,2848.619048,3
"dmsr-5",393,4.361749117,0.595178904,6,2,"c_eleg",11.6939,11.6939,2023,2024,2,"c_brig",11.2347,10.9847,496,1187.5,2,"c_bren",12.3367,11.38351667,520,12584.83333,12,"c_rema",11.9796,11.41835,1745,2926,2,"c_japo",12.0918,11.61224286,2555,12262.42857,7,"a_lumb",12.0918,11.48368,697,9057.5,10,NA,NA,NA,NA,NA,NA,NA,NA,NA,NA,NA,NA,"c_eleg",11.2347,11.2347,1924,1924,1,"a_lumb",11.1531,10.87245,716,1619.5,2,NA,NA,NA,NA,NA,NA,NA,NA,NA,NA,NA,NA,NA,NA,NA,NA,NA,NA,NA,NA,NA,NA,NA,NA,NA,NA,NA,NA,NA,NA,NA,NA,NA,NA,NA,NA,11.90475,11.42939825,1339.333333,6673.710317,5.833333333,11.1939,11.053575,1320,1771.75,1.5
"frpr-18",415,4.604681979,0.590745693,4,NA,"c_eleg",12.0612,11.68366,1801,9359.6,5,"c_brig",12.2959,12.2959,2114,2114,1,"c_bren",12.0918,11.60715,1243,7045,4,"c_rema",12.0612,11.2857,1172,1896.5,2,NA,NA,NA,NA,NA,NA,NA,NA,NA,NA,NA,NA,NA,NA,NA,NA,NA,NA,NA,NA,NA,NA,NA,NA,"",NA,NA,NA,NA,NA,"",NA,NA,NA,NA,NA,"",NA,NA,NA,NA,NA,"",NA,NA,NA,NA,NA,"",NA,NA,NA,NA,NA,"",NA,NA,NA,NA,NA,"",NA,NA,NA,NA,NA,"",NA,NA,NA,NA,NA,12.127525,11.7181025,1582.5,5103.775,3,NA,NA,NA,NA,NA
"ser-1",418,4.637809187,0.589985785,5,NA,"c_eleg",12.0918,12.051,491,2973,2,"c_brig",10.8163,10.7602,219,733.5,2,"c_rema",12.0102,11.63266667,2387,4768.333333,3,"c_japo",12.0918,11.41838,2296,5905.6,5,"a_lumb",11.6327,11.4847,198,2725,2,NA,NA,NA,NA,NA,NA,NA,NA,NA,NA,NA,NA,NA,NA,NA,NA,NA,NA,"",NA,NA,NA,NA,NA,"",NA,NA,NA,NA,NA,"",NA,NA,NA,NA,NA,"",NA,NA,NA,NA,NA,"",NA,NA,NA,NA,NA,"",NA,NA,NA,NA,NA,"",NA,NA,NA,NA,NA,"",NA,NA,NA,NA,NA,11.72856,11.46938933,1118.2,3421.086667,2.8,NA,NA,NA,NA,NA
"dop-2",423,4.693021201,0.589642036,4,NA,"c_eleg",12.0102,11.40473333,726,7401.333333,3,"c_brig",12.0918,11.42654,74,3221.8,5,"c_bren",12.051,11.589275,713,4947.75,4,"c_rema",12.0612,11.7653,479,7164.8,5,NA,NA,NA,NA,NA,NA,NA,NA,NA,NA,NA,NA,NA,NA,NA,NA,NA,NA,NA,NA,NA,NA,NA,NA,"",NA,NA,NA,NA,NA,"",NA,NA,NA,NA,NA,"",NA,NA,NA,NA,NA,"",NA,NA,NA,NA,NA,"",NA,NA,NA,NA,NA,"",NA,NA,NA,NA,NA,"",NA,NA,NA,NA,NA,"",NA,NA,NA,NA,NA,12.05355,11.54646208,498,5683.920833,4.25,NA,NA,NA,NA,NA
"ckr-1",436,4.836572438,0.588362064,6,NA,"c_eleg",12.0612,11.5255,4469,7843.25,4,"c_brig",12.0918,11.48978333,1177,9132.5,6,"c_bren",11.3776,11.01025,6807,7912,2,"c_rema",12.051,11.34898,4787,6373.4,5,"p_exsp",12.2959,11.711725,10130,15822.75,4,"p_paci",11.7041,11.7041,3296,3296,1,NA,NA,NA,NA,NA,NA,NA,NA,NA,NA,NA,NA,"",NA,NA,NA,NA,NA,"",NA,NA,NA,NA,NA,"",NA,NA,NA,NA,NA,"",NA,NA,NA,NA,NA,"",NA,NA,NA,NA,NA,"",NA,NA,NA,NA,NA,"",NA,NA,NA,NA,NA,"",NA,NA,NA,NA,NA,11.93026667,11.46505639,5111,8396.65,3.666666667,NA,NA,NA,NA,NA
"dmsr-1",519,5.775176678,0.575402116,8,4,"c_eleg",12.0102,11.33901111,513,8246.888889,9,"c_brig",12.0918,11.33333333,2511,7598,6,"c_bren",12.0918,11.3959,2378,6774.6,5,"c_rema",12.0918,11.14795,6887,9871,4,"c_japo",12.0918,11.8303375,2609,7742.625,8,"p_exsp",12.0612,11.34691667,393,674.3333333,6,"p_paci",11.7347,11.076525,308,5601.75,4,"a_lumb",11.602,11.063775,759,5236,4,"c_eleg",10.8776,10.8776,192,192,1,"c_japo",11.5918,11.5918,1435,1435,1,"p_paci",12.051,11.22038,2797,4682.2,5,"a_lumb",11.1531,10.785725,2580,6589.75,4,NA,NA,NA,NA,NA,NA,NA,NA,NA,NA,NA,NA,NA,NA,NA,NA,NA,NA,NA,NA,NA,NA,NA,NA,11.9719125,11.31671858,2044.75,6468.149653,5.75,11.418375,11.11887625,1751,3224.7375,2.75
"Y116A8C.40",523,5.81934629,0.57451716,5,4,"c_eleg",12.0102,11.64285,7949,8203.5,2,"c_brig",12.0204,11.86225,4524,5043,2,"c_bren",11.6939,11.12245,2518,2665,2,"c_rema",12.051,11.66326667,8107,11561.66667,3,"c_japo",12.0918,11.43193333,415,1562,3,NA,NA,NA,NA,NA,NA,NA,NA,NA,NA,NA,NA,NA,NA,NA,NA,NA,NA,"c_eleg",10.7347,10.7347,1582,1582,1,"c_brig",11.102,11.102,2219,2219,1,"c_bren",11.6939,11.1888,1515,1589.5,2,"c_japo",11.7347,11.7347,194,194,1,NA,NA,NA,NA,NA,NA,NA,NA,NA,NA,NA,NA,NA,NA,NA,NA,NA,NA,NA,NA,NA,NA,NA,NA,11.97346,11.54455,4702.6,5807.033333,2.4,11.316325,11.19005,1377.5,1396.125,1.25
"Y70D2A.1",526,5.852473498,0.574308142,5,4,"c_eleg",12.0204,11.36152857,2648,8190.142857,7,"c_brig",11.0204,10.9541,5759,7530,2,"c_bren",12.0918,11.548475,1515,6867.5,4,"c_rema",11.6327,11.1378,1117,3580,2,"p_paci",12.0612,11.2704,1116,3500.5,2,NA,NA,NA,NA,NA,NA,NA,NA,NA,NA,NA,NA,NA,NA,NA,NA,NA,NA,"c_eleg",11.6327,11.6327,91,91,1,"c_rema",11.3469,11.3469,660,660,1,"c_japo",11.6327,11.6327,2076,2076,1,"p_paci",11.8367,11.645425,5521,11521.5,4,NA,NA,NA,NA,NA,NA,NA,NA,NA,NA,NA,NA,NA,NA,NA,NA,NA,NA,NA,NA,NA,NA,NA,NA,11.7653,11.25446071,2431,5933.628571,3.4,11.61225,11.56443125,2087,3587.125,1.75
"npr-5",545,6.062279152,0.571061075,7,NA,"c_eleg",12.0918,11.57143333,11905,13617.66667,3,"c_brig",11.8776,11.1973,6508,12814.33333,3,"c_bren",12.0918,11.4681125,2706,11130.25,8,"c_rema",10.7755,10.7755,1883,1883,1,"c_japo",12.051,11.3903125,4231,9714.25,8,"p_paci",12.0102,11.64285,3318,9040.5,2,"a_lumb",12.0204,11.36138333,2083,5107.916667,12,NA,NA,NA,NA,NA,NA,"",NA,NA,NA,NA,NA,"",NA,NA,NA,NA,NA,"",NA,NA,NA,NA,NA,"",NA,NA,NA,NA,NA,"",NA,NA,NA,NA,NA,"",NA,NA,NA,NA,NA,"",NA,NA,NA,NA,NA,"",NA,NA,NA,NA,NA,11.84547143,11.34384167,4662,9043.988095,5.285714286,NA,NA,NA,NA,NA
"daf-38",555,6.17270318,0.56969643,7,2,"c_eleg",12.0918,11.30683571,1041,13671.57143,14,"c_brig",12.0918,11.03741667,4198,11602,6,"c_bren",11.5918,11.22445,16305,18070,2,"c_rema",12.0918,11.37186667,1621,9341.333333,9,"c_japo",11.7347,11.14115,2058,12950.33333,6,"p_exsp",12.0102,11.53743333,565,2647.666667,3,"a_lumb",11.2449,11.2449,915,915,1,NA,NA,NA,NA,NA,NA,"c_eleg",11.2755,11.12755,2519,3736.5,2,"c_brig",11.2347,11.2347,4449,4449,1,NA,NA,NA,NA,NA,NA,NA,NA,NA,NA,NA,NA,NA,NA,NA,NA,NA,NA,NA,NA,NA,NA,NA,NA,NA,NA,NA,NA,NA,NA,NA,NA,NA,NA,NA,NA,11.83671429,11.2662932,3814.714286,9885.414966,5.857142857,11.2551,11.181125,3484,4092.75,1.5
"T10H9.1",578,6.426678445,0.565453869,7,4,"c_eleg",11.7347,11.46124,363,4967.6,5,"c_brig",11.5612,10.87413333,4678,5303.333333,3,"c_rema",12.0918,11.64283333,1275,2274.333333,3,"c_japo",11.7041,11.1097,309,3740.25,4,"p_exsp",11.9796,11.295925,262,2597.75,12,"p_paci",12.0918,11.176,3200,9010,4,"a_lumb",12.3367,11.49257273,3937,21075.81818,11,NA,NA,NA,NA,NA,NA,"c_eleg",12.0918,11.301,108,842,2,"p_exsp",12.0612,12.0612,788,788,3,"p_paci",12.0918,11.00678333,807,3135.833333,6,"a_lumb",11.5918,11.32313333,4220,5091.666667,3,NA,NA,NA,NA,NA,NA,NA,NA,NA,NA,NA,NA,NA,NA,NA,NA,NA,NA,NA,NA,NA,NA,NA,NA,11.92855714,11.29320063,2003.428571,6995.58355,6,11.95915,11.42302917,1480.75,2464.375,3.5
"ser-4",645,7.166519435,0.554905824,6,5,"c_eleg",12.0918,11.3418,10373,12213.5,2,"c_brig",11.5612,10.80781667,6291,12603.33333,6,"c_bren",11.9796,11.3635375,4186,14644.25,8,"c_rema",11.5918,11.2449,14422,14610.5,2,"c_japo",11.6939,11.6939,27629,27629,1,"a_lumb",12.2959,11.20044286,3486,21851.85714,14,NA,NA,NA,NA,NA,NA,NA,NA,NA,NA,NA,NA,"c_eleg",12.051,11.26873333,1560,5568.666667,3,"c_brig",11.7347,11.13775,1493,3569,2,"c_rema",12.0102,11.2177,5430,5936.666667,3,"c_japo",12.0102,11.2959,724,1791.5,4,"a_lumb",10.7755,10.70066667,1550,1783,3,NA,NA,NA,NA,NA,NA,NA,NA,NA,NA,NA,NA,NA,NA,NA,NA,NA,NA,11.86903333,11.2753995,11064.5,17258.74008,5.5,11.71632,11.12415,2151.4,3729.766667,3
"sro-1",653,7.254858657,0.552370419,5,5,"c_eleg",11.6327,11.6327,1612,1612,1,"c_bren",11.6327,11.4337,1835,3310,2,"c_japo",12.0918,12.0918,433,433,1,"p_exsp",11.6224,10.99996667,1373,3857.666667,3,"a_lumb",12.0612,11.37075,944,4491.833333,6,NA,NA,NA,NA,NA,NA,NA,NA,NA,NA,NA,NA,NA,NA,NA,NA,NA,NA,"c_eleg",10.6837,10.6837,1166,1166,1,"c_brig",11.6327,11.4337,70,310.5,2,"c_rema",11.6327,11.6327,296,296,1,"p_paci",12.051,12.051,550,550,1,"a_lumb",10.551,10.551,893,893,1,NA,NA,NA,NA,NA,NA,NA,NA,NA,NA,NA,NA,NA,NA,NA,NA,NA,NA,11.80816,11.50578333,1239.4,2740.9,2.6,11.31022,11.27042,595,643.1,1.2
"B0334.6",697,7.740724382,0.546708142,6,1,"c_eleg",12.051,11.545925,1650,6888,4,"c_brig",12.0918,11.93875,1386,3404.75,4,"c_bren",12.051,11.4847,926,2897.5,2,"c_rema",11.602,11.29933333,1006,2895,3,"c_japo",11.1939,11.1939,2669,2669,1,"a_lumb",12.0102,11.234675,941,3486.25,4,NA,NA,NA,NA,NA,NA,NA,NA,NA,NA,NA,NA,"c_eleg",11.602,11.602,2783,2783,1,NA,NA,NA,NA,NA,NA,NA,NA,NA,NA,NA,NA,NA,NA,NA,NA,NA,NA,NA,NA,NA,NA,NA,NA,NA,NA,NA,NA,NA,NA,NA,NA,NA,NA,NA,NA,NA,NA,NA,NA,NA,NA,11.83331667,11.44954722,1429.666667,3706.75,3,11.602,11.602,2783,2783,1
"ZC266.1",723,8.027826855,0.543008333,7,7,"c_eleg",12.0918,11.40612,1086,4356.6,5,"c_brig",10.8367,10.8367,5869,5869,1,"c_bren",11.6327,11.6327,1183,1183,1,"c_rema",12.051,11.68366667,515,3918,3,"c_japo",10.7959,10.7959,635,635,1,"p_exsp",12.051,11.5867375,1533,8276,16,"p_paci",10.551,10.5306,7307,7640,2,NA,NA,NA,NA,NA,NA,"c_eleg",11.5918,11.41325,651,1806,2,"c_brig",12.0612,12.0612,882,882,1,"c_bren",11.1939,11.1735,1154,1156.5,2,"c_rema",12.0918,11.8418,168,639,2,"c_japo",12.0918,11.14623333,472,1589.666667,3,"p_exsp",12.0918,11.2789,2519,5234.666667,6,"p_paci",12.051,11.2857,2343,4515.5,2,NA,NA,NA,NA,NA,NA,11.43001429,11.21034631,2589.714286,4553.942857,4.142857143,11.8819,11.45722619,1169.857143,2260.47619,2.571428571
"gar-1",748,8.303886926,0.539577961,7,4,"c_eleg",11.5918,11.10204,193,6101.4,5,"c_brig",12.3367,11.92855,276,5712,2,"c_bren",11.5918,11.0408,349,1465.666667,3,"c_rema",12.0918,11.2551,1494,5110,3,"c_japo",12.0918,11.4847,123,3831,2,"p_exsp",11.5918,11.21425,1656,2433,2,"a_lumb",12.051,11.23907143,432,4333.142857,7,NA,NA,NA,NA,NA,NA,"c_eleg",11.7041,11.51023333,3203,3781.666667,3,"c_brig",12.0612,11.39793333,1958,2495.666667,3,"c_rema",11.5918,11.22445,1873,1971.5,2,"a_lumb",12.3367,11.3061125,3656,14303.75,8,NA,NA,NA,NA,NA,NA,NA,NA,NA,NA,NA,NA,NA,NA,NA,NA,NA,NA,NA,NA,NA,NA,NA,NA,11.90667143,11.32350163,646.1428571,4140.887075,3.428571429,11.92345,11.35968229,2672.5,5638.145833,4
"F40A3.7",791,8.778710247,0.534820778,6,4,"c_eleg",11.6327,11.09185,5910,7946.5,2,"c_brig",12.0612,11.44445556,236,17267.88889,9,"c_bren",12.2959,11.34692,295,13623.8,5,"c_rema",11.6939,11.336725,260,6585.25,4,"c_japo",12.0918,11.5880125,10939,16993,8,"p_exsp",12.0918,11.71718571,1258,8079.428571,7,NA,NA,NA,NA,NA,NA,NA,NA,NA,NA,NA,NA,"c_eleg",11.8776,11.2194,1680,2759.5,2,"c_brig",12.0612,11.8112,2882,3183.5,2,"c_rema",11.7041,11.54085,3121,3143,2,"p_exsp",12.051,12.051,2348,2348,1,NA,NA,NA,NA,NA,NA,NA,NA,NA,NA,NA,NA,NA,NA,NA,NA,NA,NA,NA,NA,NA,NA,NA,NA,11.97788333,11.42085813,3149.666667,11749.31124,5.833333333,11.923475,11.6556125,2507.75,2858.5,1.75
"srg-10",800,8.878091873,0.533774304,4,NA,"c_eleg",12.0918,11.89793333,1239,1302.333333,3,"c_brig",11.551,11.551,7607,7607,1,"c_bren",12.0204,12.0204,6710,6710,1,"c_rema",11.5918,11.5918,243,243,1,NA,NA,NA,NA,NA,NA,NA,NA,NA,NA,NA,NA,NA,NA,NA,NA,NA,NA,NA,NA,NA,NA,NA,NA,"",NA,NA,NA,NA,NA,"",NA,NA,NA,NA,NA,"",NA,NA,NA,NA,NA,"",NA,NA,NA,NA,NA,"",NA,NA,NA,NA,NA,"",NA,NA,NA,NA,NA,"",NA,NA,NA,NA,NA,"",NA,NA,NA,NA,NA,11.81375,11.76528333,3949.75,3965.583333,1.5,NA,NA,NA,NA,NA
"daf-37",809,8.977473498,0.532836519,8,4,"c_eleg",12.051,11.26122,168,3069,5,"c_brig",12.0102,11.0374,238,2515.666667,3,"c_bren",11.3367,10.9362,279,4551.75,4,"c_rema",12.051,11.6658,259,3142,4,"c_japo",12.0918,12.0918,340,340,1,"p_exsp",12.0102,11.20746667,1348,5937,3,"p_paci",11.9796,11.5408,1432,4402,2,"a_lumb",12.051,11.26868333,19,8123.666667,6,"c_eleg",11.5918,11.21935,1135,1798,2,"c_brig",10.9796,10.9796,1077,1077,1,"c_rema",10.7959,10.7959,2165,2165,1,"p_paci",11.5204,11,3347,5256.5,2,NA,NA,NA,NA,NA,NA,NA,NA,NA,NA,NA,NA,NA,NA,NA,NA,NA,NA,NA,NA,NA,NA,NA,NA,11.9476875,11.37617125,510.375,4010.135417,3.5,11.221925,10.9987125,1931,2574.125,1.5
"srsx-8",812,9.010600707,0.532728811,5,NA,"c_eleg",11.2347,10.94645,777,7416.75,4,"c_brig",12.3367,11.35205,1418,8473.25,4,"c_rema",11.7347,11.56123333,2435,12624.77778,9,"c_japo",12.0918,11.40204,11521,17271.4,5,"p_paci",12.0204,11.2653,104,1281.5,2,NA,NA,NA,NA,NA,NA,NA,NA,NA,NA,NA,NA,NA,NA,NA,NA,NA,NA,"",NA,NA,NA,NA,NA,"",NA,NA,NA,NA,NA,"",NA,NA,NA,NA,NA,"",NA,NA,NA,NA,NA,"",NA,NA,NA,NA,NA,"",NA,NA,NA,NA,NA,"",NA,NA,NA,NA,NA,"",NA,NA,NA,NA,NA,11.88366,11.30541467,3251,9413.535556,4.8,NA,NA,NA,NA,NA
"B0563.6",837,9.286660777,0.53018179,8,7,"c_eleg",12.2959,11.94692,351,7408,5,"c_brig",12.051,11.436225,1538,4367.5,4,"c_bren",12.0918,11.23215,68,4019.5,4,"c_rema",12.0918,11.39796667,851,3262.833333,6,"c_japo",12.2959,11.49562857,109,3703.857143,7,"p_exsp",10.8571,10.8571,985,985,1,"p_paci",10.4796,10.4796,458,458,1,"a_lumb",12.0102,11.21838,1672,2893.2,5,"c_eleg",12.0204,11.2517,701,2199,3,"c_brig",12.0918,11.14082,317,2387.8,5,"c_bren",12.051,11.081625,368,1271,4,"c_rema",12.0102,11.24486667,417,1064.333333,3,"c_japo",12.0918,11.3214,655,687.5,2,"p_exsp",12.2959,12.2959,1773,1773,1,"a_lumb",12.0102,11.15986667,1102,3270.333333,3,NA,NA,NA,NA,NA,NA,11.7716625,11.25799628,754,3387.23631,4.125,12.08161429,11.3565969,761.8571429,1807.566667,3
"mgl-1",862,9.562720848,0.52764681,5,6,"c_eleg",12.0918,12.0918,3554,3554,1,"c_brig",10.9184,10.9184,805,805,1,"c_rema",12.0918,12.0918,1119,1119,1,"c_japo",11.7347,11.7347,6064,6064,1,"a_lumb",12.0918,11.167075,5811,10210.5,8,NA,NA,NA,NA,NA,NA,NA,NA,NA,NA,NA,NA,NA,NA,NA,NA,NA,NA,"c_eleg",10.7449,10.7449,1443,1443,1,"c_brig",10.9184,10.9184,831,831,1,"c_bren",11.2347,11.08503333,1686,2432.666667,3,"c_rema",12.0612,11.84695,3757,4125.5,2,"c_japo",12.0102,11.801,1294,3751.5,2,"a_lumb",12.0102,11.21428571,1608,10263.57143,7,NA,NA,NA,NA,NA,NA,NA,NA,NA,NA,NA,NA,11.7857,11.600755,3470.6,4350.5,2.4,11.4966,11.26842817,1769.833333,3807.873016,2.666666667
"npr-6",881,9.772526502,0.526186758,8,NA,"c_eleg",11.2347,11.16835,14206,14796,2,"c_brig",11.551,11.3095,4486,5462.666667,3,"c_bren",12.0918,11.06938,2891,7204.8,5,"c_rema",11.8367,11.8367,4070,4070,1,"c_japo",12.051,11.14965,7917,11930,6,"p_exsp",12.0918,11.7925,127,3675.333333,3,"p_paci",12.0918,12.0714,986,3190,2,"a_lumb",12.3367,11.46175,5824,12132.5,8,"",NA,NA,NA,NA,NA,"",NA,NA,NA,NA,NA,"",NA,NA,NA,NA,NA,"",NA,NA,NA,NA,NA,"",NA,NA,NA,NA,NA,"",NA,NA,NA,NA,NA,"",NA,NA,NA,NA,NA,"",NA,NA,NA,NA,NA,11.9106875,11.48240375,5063.375,7807.6625,3.75,NA,NA,NA,NA,NA
"nmur-1",887,9.838780919,0.52505084,4,1,"c_eleg",12.0612,11.32766667,1779,7820,9,"c_brig",12.2959,11.811225,1707,7691,4,"c_rema",12.0612,11.53062857,461,4184.571429,7,"a_lumb",12.051,10.88945,668,4525.333333,6,NA,NA,NA,NA,NA,NA,NA,NA,NA,NA,NA,NA,NA,NA,NA,NA,NA,NA,NA,NA,NA,NA,NA,NA,"c_eleg",12.0102,11.4949,2322,2899.5,2,NA,NA,NA,NA,NA,NA,NA,NA,NA,NA,NA,NA,NA,NA,NA,NA,NA,NA,NA,NA,NA,NA,NA,NA,NA,NA,NA,NA,NA,NA,NA,NA,NA,NA,NA,NA,NA,NA,NA,NA,NA,NA,12.117325,11.38974256,1153.75,6055.22619,6.5,12.0102,11.4949,2322,2899.5,2
"ZK721.4",892,9.893992933,0.524377354,7,5,"c_eleg",12.051,12.051,7471,7471,1,"c_brig",11.7347,11.538275,386,4045.25,4,"c_bren",11.1939,10.81633333,1636,13480,3,"c_rema",12.3367,11.5034,914,4162.333333,3,"c_japo",12.051,11.22106667,1329,5258,3,"p_exsp",10.898,10.898,592,592,1,"a_lumb",12.051,11.36151429,3461,11450.57143,7,NA,NA,NA,NA,NA,NA,"c_eleg",12.0918,12.051,3612,4279,2,"c_bren",10.898,10.898,381,381,1,"c_japo",12.0918,11.67142,446,2866,5,"p_exsp",10.551,10.551,1304,1304,1,"a_lumb",12.0102,12.0102,1322,1322,1,NA,NA,NA,NA,NA,NA,NA,NA,NA,NA,NA,NA,NA,NA,NA,NA,NA,NA,11.75947143,11.3413699,2255.571429,6637.022109,3.142857143,11.52856,11.436324,1413,2030.4,2
"trhr-1",909,10.08171378,0.522910921,6,NA,"c_eleg",11.3367,10.85373333,2902,8063.666667,3,"c_brig",12.0612,11.4932,529,10540.66667,3,"c_bren",11.602,11.48568,1105,6212.8,5,"c_rema",12.0102,11.55442222,2981,12427.55556,9,"c_japo",12.051,11.41428,685,5095.2,5,"a_lumb",11.3776,11.05615,923,928,2,NA,NA,NA,NA,NA,NA,NA,NA,NA,NA,NA,NA,"",NA,NA,NA,NA,NA,"",NA,NA,NA,NA,NA,"",NA,NA,NA,NA,NA,"",NA,NA,NA,NA,NA,"",NA,NA,NA,NA,NA,"",NA,NA,NA,NA,NA,"",NA,NA,NA,NA,NA,"",NA,NA,NA,NA,NA,11.73978333,11.30957759,1520.833333,7211.314815,4.5,NA,NA,NA,NA,NA
"npr-1",924,10.24734982,0.520397562,5,3,"c_eleg",12.051,11.26873333,322,1593.666667,3,"c_brig",10.7959,10.7959,4234,4234,1,"c_bren",12.051,11.70746667,2388,3693,3,"c_rema",12.051,11.7857,3181,3958,2,"a_lumb",12.051,11.42345,691,1554,2,NA,NA,NA,NA,NA,NA,NA,NA,NA,NA,NA,NA,NA,NA,NA,NA,NA,NA,"c_eleg",10.551,10.551,267,267,1,"c_japo",12.051,12.051,1182,1182,1,"a_lumb",10.6633,10.6633,4942,4942,1,NA,NA,NA,NA,NA,NA,NA,NA,NA,NA,NA,NA,NA,NA,NA,NA,NA,NA,NA,NA,NA,NA,NA,NA,NA,NA,NA,NA,NA,NA,11.79998,11.39625,2163.2,3006.533333,2.2,11.08843333,11.08843333,2130.333333,2130.333333,1
"gnrr-4",937,10.39090106,0.518606563,7,6,"c_eleg",12.0918,11.91156667,6852,9711.666667,3,"c_brig",12.2959,11.4796,5118,9423.333333,3,"c_bren",12.0918,11.5612,7001,8868.666667,3,"c_rema",11.6327,11.0034,9435,11638.33333,3,"c_japo",12.2959,12.19385,3599,3801.5,2,"p_paci",11.7347,11.7347,1331,1331,1,"a_lumb",12.3367,11.18239375,65,25859.8125,32,NA,NA,NA,NA,NA,NA,"c_eleg",12.0612,11.84695,1786,2011.5,2,"c_brig",12.0612,12.0612,1634,1634,1,"c_rema",12.0918,12.0918,1305,1305,1,"c_japo",10.7347,10.7347,4390,4390,1,"p_paci",12.0918,11.12583333,236,3381.333333,3,"a_lumb",12.0612,11.25306,1162,7796.6,5,NA,NA,NA,NA,NA,NA,NA,NA,NA,NA,NA,NA,12.0685,11.58095863,4771.571429,10090.61607,6.714285714,11.85031667,11.51892389,1752.166667,3419.738889,2.166666667
"lat-1",957,10.61174912,0.515756468,5,5,"c_eleg",11.7347,11.7347,2435,2435,1,"c_brig",12.0918,12.0918,2843,2843,1,"c_rema",12.0102,11.469375,980,2871.25,4,"c_japo",11.9796,11.9796,3099,3099,1,"a_lumb",11.6224,11.6224,3775,3775,1,NA,NA,NA,NA,NA,NA,NA,NA,NA,NA,NA,NA,NA,NA,NA,NA,NA,NA,"c_eleg",12.2959,11.44385,1742,3150.5,2,"c_bren",12.2959,12.2959,1643,1643,1,"c_rema",11.9796,11.2857,557,1069.5,2,"c_japo",12.2959,11.51275,1470,6618.25,4,"a_lumb",12.3367,11.4169,528,8213,7,NA,NA,NA,NA,NA,NA,NA,NA,NA,NA,NA,NA,NA,NA,NA,NA,NA,NA,11.88774,11.779575,2626.4,3004.65,1.6,12.2408,11.59102,1188,4138.85,3.2
"C24B5.1",967,10.72217314,0.51443642,6,5,"c_eleg",11.5918,11.21935,4043,6514.5,2,"c_brig",12.2959,11.543375,342,2524.25,4,"c_bren",12.2959,12.2959,2094,2094,1,"c_rema",12.0612,11.6109625,5520,7860.875,8,"c_japo",10.7755,10.7755,1204,1204,1,"p_exsp",10.5102,10.5102,109,109,1,NA,NA,NA,NA,NA,NA,NA,NA,NA,NA,NA,NA,"c_eleg",11.7347,11.23725,1658,2780.75,4,"c_brig",11.7347,11.56803333,2202,2735.333333,3,"c_rema",11.6327,11.6327,2353,2447,2,"c_japo",10.551,10.551,201,201,1,"p_exsp",11.7347,11.7347,2364,2364,1,NA,NA,NA,NA,NA,NA,NA,NA,NA,NA,NA,NA,NA,NA,NA,NA,NA,NA,11.58841667,11.32588125,2218.666667,3384.4375,2.833333333,11.47756,11.34473667,1755.6,2105.616667,2.2
"frpr-7",977,10.84363958,0.513638434,7,4,"c_eleg",12.051,11.89285,3920,5136,2,"c_brig",10.551,10.551,118,118,1,"c_bren",12.051,11.7143,972,2442.5,2,"c_rema",10.7755,10.7755,6680,6680,1,"c_japo",11.5918,11.5918,3160,3160,1,"p_exsp",12.0918,11.2687,1241,4340.333333,3,"a_lumb",12.2959,11.68878333,6463,12528.5,6,NA,NA,NA,NA,NA,NA,"c_eleg",12.0204,12.0204,3324,3324,1,"c_brig",11.3367,11.3367,414,414,1,"c_japo",11.3367,11.0867,1704,2583.5,2,"a_lumb",12.3367,11.5884,911,5274.666667,3,NA,NA,NA,NA,NA,NA,NA,NA,NA,NA,NA,NA,NA,NA,NA,NA,NA,NA,NA,NA,NA,NA,NA,NA,11.62971429,11.35470476,3222,4915.047619,2.285714286,11.757625,11.50805,1588.25,2899.041667,1.75
"ckr-2",979,10.86572438,0.513529206,7,NA,"c_eleg",11.2755,11.11223333,2985,8700.333333,3,"c_brig",10.8776,10.8776,2112,2112,1,"c_bren",12.0102,10.9732375,2576,9418.25,8,"c_rema",12.0918,11.5653,148,7348.4,5,"c_japo",12.0918,11.45308,333,4395.4,5,"p_exsp",12.0204,11.35118333,627,10930.83333,12,"p_paci",11.5918,11.5714,627,722.5,2,NA,NA,NA,NA,NA,NA,"",NA,NA,NA,NA,NA,"",NA,NA,NA,NA,NA,"",NA,NA,NA,NA,NA,"",NA,NA,NA,NA,NA,"",NA,NA,NA,NA,NA,"",NA,NA,NA,NA,NA,"",NA,NA,NA,NA,NA,"",NA,NA,NA,NA,NA,11.70844286,11.27200488,1344,6232.530952,5.142857143,NA,NA,NA,NA,NA
"dmsr-8",998,11.07553004,0.510446955,7,NA,"c_eleg",10.8776,10.8776,5956,5956,1,"c_brig",11.5612,11.39795,6330,6365.5,2,"c_bren",12.0918,11.4898,1358,5751.5,4,"c_rema",11.5918,11.5918,6659,6659,1,"c_japo",12.0918,11.11563333,3979,8285.333333,6,"p_exsp",10.9184,10.9184,6129,6129,1,"p_paci",12.2959,12.2959,1403,1403,1,NA,NA,NA,NA,NA,NA,"",NA,NA,NA,NA,NA,"",NA,NA,NA,NA,NA,"",NA,NA,NA,NA,NA,"",NA,NA,NA,NA,NA,"",NA,NA,NA,NA,NA,"",NA,NA,NA,NA,NA,"",NA,NA,NA,NA,NA,"",NA,NA,NA,NA,NA,11.63264286,11.38386905,4544.857143,5792.761905,2.285714286,NA,NA,NA,NA,NA
"F59B2.13",1006,11.16386926,0.509438052,6,NA,"c_eleg",11.6327,11.11634,1457,3660.8,5,"c_brig",12.0918,11.65303333,181,4206.333333,3,"c_bren",11.7347,11.7347,8592,8592,1,"c_rema",11.6327,11.1361,4241,5380.666667,3,"c_japo",11.6327,11.17574444,2482,8988.666667,9,"a_lumb",12.0918,11.3482,537,4667.125,8,NA,NA,NA,NA,NA,NA,NA,NA,NA,NA,NA,NA,"",NA,NA,NA,NA,NA,"",NA,NA,NA,NA,NA,"",NA,NA,NA,NA,NA,"",NA,NA,NA,NA,NA,"",NA,NA,NA,NA,NA,"",NA,NA,NA,NA,NA,"",NA,NA,NA,NA,NA,"",NA,NA,NA,NA,NA,11.80273333,11.3606863,2915,5915.931944,4.833333333,NA,NA,NA,NA,NA
"npr-2",1036,11.49514134,0.507011154,4,4,"c_eleg",12.0918,11.86225,855,2803,2,"c_brig",11.6327,11.27142,3788,6854.2,5,"c_bren",12.0918,11.43878,2142,7907.6,5,"c_japo",12.0918,11.5221,6172,12811.66667,6,NA,NA,NA,NA,NA,NA,NA,NA,NA,NA,NA,NA,NA,NA,NA,NA,NA,NA,NA,NA,NA,NA,NA,NA,"c_eleg",12.0204,11.8061,137,2198,2,"c_brig",11.5612,11.19241429,2066,9682.142857,7,"c_bren",11.5918,11.5918,220,220,1,"c_rema",12.0102,11.64626667,1095,2285,3,NA,NA,NA,NA,NA,NA,NA,NA,NA,NA,NA,NA,NA,NA,NA,NA,NA,NA,NA,NA,NA,NA,NA,NA,11.977025,11.5236375,3239.25,7594.116667,4.5,11.7959,11.55914524,879.5,3596.285714,3.25
"frpr-2",1055,11.704947,0.505407305,6,2,"c_eleg",12.3367,11.1145,3470,8231.888889,9,"c_brig",12.0102,11.19275556,250,8278.222222,9,"c_bren",12.0918,11.31048571,291,5416.428571,7,"c_rema",11.9796,11.2895375,308,3991.5,8,"p_paci",10.5102,10.5102,4060,4060,1,"a_lumb",11.1939,10.8852,221,7885.75,4,NA,NA,NA,NA,NA,NA,NA,NA,NA,NA,NA,NA,"c_eleg",12.0918,12.0918,1006,1006,1,"p_exsp",10.551,10.551,637,637,1,NA,NA,NA,NA,NA,NA,NA,NA,NA,NA,NA,NA,NA,NA,NA,NA,NA,NA,NA,NA,NA,NA,NA,NA,NA,NA,NA,NA,NA,NA,NA,NA,NA,NA,NA,NA,11.68706667,11.05044646,1433.333333,6310.631614,6.333333333,11.3214,11.3214,821.5,821.5,1
"egl-47",1070,11.87058304,0.503626546,6,5,"c_eleg",12.0102,11.38265,117,1696.5,2,"c_brig",11.8776,11.191325,118,2171.5,4,"c_rema",12.051,11.64288,588,3069.6,5,"c_japo",11.6939,11.65815,3814,4380.5,2,"p_exsp",10.9184,10.9184,1285,1285,1,"a_lumb",11.7347,10.92653,25,4939.3,10,NA,NA,NA,NA,NA,NA,NA,NA,NA,NA,NA,NA,"c_eleg",12.0918,11.44385,3779,4562.5,2,"c_brig",11.8776,11.80615,690,4688,2,"c_rema",12.051,12.0306,8272,8607,2,"c_japo",11.6939,11.6939,3133,3133,1,"a_lumb",12.0102,11.20306,1363,12470.3,10,NA,NA,NA,NA,NA,NA,NA,NA,NA,NA,NA,NA,NA,NA,NA,NA,NA,NA,11.7143,11.28665583,991.1666667,2923.733333,4,11.9449,11.635512,3447.4,6692.16,3.4
"npr-4",1085,12.03621908,0.502004531,6,5,"c_eleg",12.0918,11.43026667,2127,9182,6,"c_bren",12.0918,11.15643333,13109,15720,3,"c_rema",12.0918,11.48976667,226,8962.333333,6,"c_japo",12.0918,11.21661538,591,16112.23077,13,"p_exsp",10.9796,10.9796,623,623,1,"p_paci",11.1531,11.1531,9873,9873,1,NA,NA,NA,NA,NA,NA,NA,NA,NA,NA,NA,NA,"c_eleg",11.8776,11.16328,435,7058.6,5,"c_brig",12.051,11.41493333,400,6947.333333,3,"c_rema",10.898,10.898,1528,1528,1,"c_japo",12.0204,11.211725,2035,5011.25,4,"p_paci",12.2959,11.56375,1510,5485,4,NA,NA,NA,NA,NA,NA,NA,NA,NA,NA,NA,NA,NA,NA,NA,NA,NA,NA,11.74998333,11.23763034,4424.833333,10078.76068,5,11.82858,11.25033767,1181.6,5206.036667,3.4
"gar-2",1102,12.22393993,0.500118094,5,7,"c_eleg",11.551,11.551,5255,5255,1,"c_bren",12.2959,11.63263333,28,1148.666667,3,"c_japo",10.5204,10.5204,392,392,1,"p_exsp",11.6327,11.39116667,845,1018,3,"a_lumb",11.6327,11.331625,1177,2073,4,NA,NA,NA,NA,NA,NA,NA,NA,NA,NA,NA,NA,NA,NA,NA,NA,NA,NA,"c_eleg",11.551,11.2143,7611,9157.5,2,"c_brig",12.3367,12.3367,10900,13560.5,2,"c_bren",11.602,11.2602,7784,10203.5,2,"c_rema",12.051,11.4643,8515,9859,2,"p_exsp",11.5918,11.0357,2490,3838.5,2,"p_paci",12.0918,11.23674,4726,10658.2,5,"a_lumb",12.051,11.44752857,3399,5718.714286,7,NA,NA,NA,NA,NA,NA,11.52654,11.285365,1539.4,1977.333333,2.4,11.89647143,11.42792408,6489.285714,8999.416327,3.142857143
